"VARIABLES","UNIQUE.R2","best.threshold"
"IR",0.292231217910699,0
"TMINC_2",0.0126429901855298,0
"TMEANC_2",-0.0222891358114966,0
"TMINC_1",-0.00238383214757132,0
